City_ID,City,Country,Date,Lat,Lng,Max Temp,Humidity,Cloudiness,Wind Speed
0,Galle,LK,2022-07-19 18:18:27,6.0367,80.217,79.77,85,100,12.39
1,Saldanha,ZA,2022-07-19 18:18:27,-33.0117,17.9442,50.05,70,2,16.33
2,Kibala,TD,2022-07-19 18:18:28,9.1104,18.3463,73.36,92,96,5.01
3,Bambous Virieux,MU,2022-07-19 18:18:28,-20.3428,57.7575,70.21,73,75,21.85
4,Ushuaia,AR,2022-07-19 18:12:34,-54.8,-68.3,42.42,70,20,1.14
5,Hurghada,EG,2022-07-19 18:18:29,27.2574,33.8129,89.1,32,0,12.59
6,Turukhansk,RU,2022-07-19 18:18:29,65.8167,87.9833,52.92,63,93,10.76
7,George,ZA,2022-07-19 18:18:29,-33.963,22.4617,49.55,93,100,5.75
8,El Tigre,VE,2022-07-19 18:18:30,8.8875,-64.2454,87.22,50,70,8.19
9,Bagaha,IN,2022-07-19 18:18:30,27.1,84.0833,86.09,68,96,8.7
10,Vardo,NO,2022-07-19 18:16:44,70.3705,31.1107,55.38,94,40,2.3
11,Hermanus,ZA,2022-07-19 18:18:30,-34.4187,19.2345,45.81,74,27,4.43
12,Bredasdorp,ZA,2022-07-19 18:15:23,-34.5322,20.0403,48.22,86,62,3.83
13,Victoria,HK,2022-07-19 18:18:00,22.2855,114.1577,87.33,79,99,5.99
14,Busselton,AU,2022-07-19 18:16:46,-33.65,115.3333,57.13,78,100,9.28
15,Port Elizabeth,ZA,2022-07-19 18:18:31,-33.918,25.5701,59.31,97,100,14.97
16,Ayagoz,KZ,2022-07-19 18:18:31,47.9714,80.4392,60.31,47,6,5.3
17,Tasiilaq,GL,2022-07-19 18:14:02,65.6145,-37.6368,41.16,79,50,1.95
18,Aksay,RU,2022-07-19 18:18:32,47.26,39.87,74.25,35,0,7.0
19,Telciu,RO,2022-07-19 18:18:32,47.4333,24.4,65.53,68,64,5.35
20,Coihaique,CL,2022-07-19 18:18:32,-45.5752,-72.0662,40.95,93,75,5.75
21,Hamilton,US,2022-07-19 18:15:45,39.1834,-84.5333,90.64,61,20,9.22
22,Monrovia,LR,2022-07-19 18:15:36,6.3005,-10.7969,77.59,72,100,10.13
23,Mangrol,IN,2022-07-19 18:18:33,21.1167,70.1167,80.8,85,96,16.51
24,Codrington,AU,2022-07-19 18:18:33,-38.2667,141.9667,36.39,95,2,7.9
25,Saint-Augustin,CA,2022-07-19 18:18:34,51.226,-58.6502,65.39,84,100,10.25
26,Roald,NO,2022-07-19 18:18:34,62.5833,6.1333,76.12,77,0,9.22
27,Beloha,MG,2022-07-19 18:18:34,-25.1667,45.05,67.86,55,0,11.56
28,Grand-Lahou,CI,2022-07-19 18:18:35,5.1367,-5.0242,76.39,69,60,7.54
29,Pangody,RU,2022-07-19 18:18:35,65.85,74.4859,61.79,58,99,10.2
30,Sao Jose Da Coroa Grande,BR,2022-07-19 18:18:35,-8.8978,-35.1478,78.71,68,2,11.95
31,Shu,KZ,2022-07-19 18:18:35,43.5983,73.7614,78.76,25,0,8.97
32,Nayudupeta,IN,2022-07-19 18:18:36,13.9,79.9,85.03,67,87,7.43
33,Talara,PE,2022-07-19 18:18:36,-4.5772,-81.2719,74.16,64,0,12.66
34,Hithadhoo,MV,2022-07-19 18:18:36,-0.6,73.0833,79.95,75,100,7.72
35,Port Alfred,ZA,2022-07-19 18:16:49,-33.5906,26.891,61.18,90,54,4.0
36,Mahibadhoo,MV,2022-07-19 18:18:37,3.7833,72.9667,82.92,76,100,16.89
37,Charleston,US,2022-07-19 18:17:17,32.7766,-79.9309,93.02,70,40,12.66
38,Mar Del Plata,AR,2022-07-19 18:09:53,-38.0023,-57.5575,56.95,52,0,18.99
39,Touros,BR,2022-07-19 18:18:37,-5.1989,-35.4608,81.3,68,65,18.25
40,Misratah,LY,2022-07-19 18:18:38,32.3754,15.0925,82.45,67,0,10.67
41,Salalah,OM,2022-07-19 18:14:04,17.0151,54.0924,78.89,94,100,5.75
42,Bathsheba,BB,2022-07-19 18:18:38,13.2167,-59.5167,85.05,84,40,9.22
43,Huambo,AO,2022-07-19 18:18:38,-12.7761,15.7392,62.11,33,4,1.01
44,Challapata,BO,2022-07-19 18:19:39,-18.9,-66.7667,55.87,34,81,7.43
45,Sorland,NO,2022-07-19 18:19:39,67.667,12.6934,55.26,82,12,7.02
46,Nadym,RU,2022-07-19 18:19:39,65.5333,72.5167,61.88,60,57,9.91
47,Charyshskoye,RU,2022-07-19 18:19:40,51.3978,83.5598,52.9,93,94,3.31
48,Beitbridge,ZW,2022-07-19 18:19:40,-22.2167,30.0,68.23,60,50,10.04
49,Jamestown,US,2022-07-19 18:08:51,42.097,-79.2353,87.06,49,0,14.97
50,Sao Felix Do Xingu,BR,2022-07-19 18:16:47,-6.6447,-51.995,95.4,26,18,3.74
51,Pokhara,NP,2022-07-19 18:19:40,28.2333,83.9833,74.62,86,97,2.75
52,Hobyo,SO,2022-07-19 18:12:37,5.3505,48.5268,75.72,79,79,29.35
53,San Rafael,AR,2022-07-19 18:19:41,-34.6177,-68.3301,62.29,19,14,13.78
54,Saint-Philippe,RE,2022-07-19 18:16:46,-21.3585,55.7679,69.39,81,36,20.76
55,Muros,ES,2022-07-19 18:18:00,42.7762,-9.0603,69.1,81,49,6.58
56,Jumla,NP,2022-07-19 18:19:42,29.2747,82.1838,64.98,96,100,1.68
57,Georgetown,MY,2022-07-19 18:15:45,5.4112,100.3354,79.95,92,20,3.44
58,Guayanilla,PR,2022-07-19 18:19:42,18.0191,-66.7918,90.91,68,12,11.01
59,Pangnirtung,CA,2022-07-19 18:19:43,66.1451,-65.7125,41.0,93,100,11.5
60,Mahebourg,MU,2022-07-19 18:19:43,-20.4081,57.7,71.26,73,75,21.85
61,Mions,FR,2022-07-19 18:19:43,45.6643,4.9499,98.78,27,0,18.41
62,Tromso,NO,2022-07-19 18:17:33,69.6496,18.957,60.39,67,40,11.5
63,Sao Filipe,CV,2022-07-19 18:19:16,14.8961,-24.4956,77.97,81,79,8.05
64,The Valley,AI,2022-07-19 18:19:44,18.217,-63.0578,87.66,76,1,17.87
65,Port Shepstone,ZA,2022-07-19 18:19:44,-30.7414,30.455,66.47,39,0,5.66
66,Omboue,GA,2022-07-19 18:19:44,-1.5746,9.2618,72.54,85,93,8.19
67,Zar,AM,2022-07-19 18:19:45,40.2588,44.732,78.82,43,78,15.93
68,Ilulissat,GL,2022-07-19 18:12:36,69.2167,-51.1,55.42,62,75,3.44
69,Arraial Do Cabo,BR,2022-07-19 18:16:47,-22.9661,-42.0278,78.76,69,0,11.5
70,Tabou,CI,2022-07-19 18:19:45,4.423,-7.3528,76.19,68,97,7.61
71,Cayenne,GF,2022-07-19 18:15:18,4.9333,-52.3333,86.09,27,84,4.61
72,Tenenkou,ML,2022-07-19 18:19:46,14.4572,-4.9169,93.33,40,72,5.41
73,Torbay,CA,2022-07-19 18:19:46,47.6666,-52.7314,72.75,78,100,16.11
74,Trinidad,BO,2022-07-19 18:19:46,-14.8333,-64.9,89.58,51,20,3.44
75,Axim,GH,2022-07-19 18:19:46,4.8699,-2.2405,75.72,70,100,8.12
76,East London,ZA,2022-07-19 18:10:05,-33.0153,27.9116,67.19,77,31,12.17
77,Dunmore Town,BS,2022-07-19 18:19:47,25.5,-76.65,82.85,78,9,14.34
78,Montevideo,UY,2022-07-19 18:16:05,-34.8335,-56.1674,59.02,44,0,9.22
79,Laguna,US,2022-07-19 18:19:47,38.421,-121.4238,97.93,35,0,6.91
80,Plerin,FR,2022-07-19 18:19:48,48.5425,-2.7798,75.52,60,20,13.8
81,Longyearbyen,SJ,2022-07-19 18:16:48,78.2186,15.6401,51.64,82,40,3.44
82,Nara,JP,2022-07-19 18:19:05,34.6851,135.8049,78.49,71,68,1.63
83,Porto Walter,BR,2022-07-19 18:19:48,-8.2686,-72.7439,87.85,57,45,2.08
84,Chuy,UY,2022-07-19 18:19:48,-33.6971,-53.4616,54.28,61,0,5.66
85,Yadrin,RU,2022-07-19 18:19:49,55.9405,46.2062,56.3,85,7,7.87
86,Alcains,PT,2022-07-19 18:19:49,39.9164,-7.4566,87.57,33,0,10.85
87,Mezen,RU,2022-07-19 18:19:49,65.8522,44.24,69.78,63,93,11.03
88,Inhambane,MZ,2022-07-19 18:20:50,-23.865,35.3833,69.21,89,0,8.01
89,Khalkhal,IR,2022-07-19 18:20:50,37.6189,48.5258,66.9,45,0,7.7
90,Itarema,BR,2022-07-19 18:20:50,-2.9248,-39.9167,86.45,60,78,16.91
91,Djougou,BJ,2022-07-19 18:20:51,9.7085,1.666,73.96,82,88,4.94
92,Upernavik,GL,2022-07-19 18:20:51,72.7868,-56.1549,45.54,72,100,6.33
93,Cape Town,ZA,2022-07-19 18:20:51,-33.9258,18.4232,55.9,77,20,9.22
94,Novyye Gorki,RU,2022-07-19 18:20:52,56.7253,41.0601,54.25,94,19,6.06
95,Porto Velho,BR,2022-07-19 18:20:52,-8.7619,-63.9039,93.25,33,20,5.75
96,Araouane,ML,2022-07-19 18:20:52,18.9048,-3.5265,91.33,34,83,12.12
97,Marsabit,KE,2022-07-19 18:20:53,2.3284,37.9899,66.83,53,59,21.63
98,Bonthe,SL,2022-07-19 18:14:06,7.5264,-12.505,78.24,74,100,9.86
99,Staroye Drozhzhanoye,RU,2022-07-19 18:20:53,54.7266,47.5677,59.52,74,20,8.55
100,Madinat Sittah Uktubar,EG,2022-07-19 18:20:53,29.8167,31.05,91.0,28,0,16.51
101,Qaanaaq,GL,2022-07-19 18:15:17,77.484,-69.3632,43.47,66,6,3.65
102,Ribeira Grande,PT,2022-07-19 18:20:54,38.5167,-28.7,75.6,88,40,6.91
103,Amapa,BR,2022-07-19 18:20:54,1.0,-52.0,85.6,59,69,5.08
104,Pisco,PE,2022-07-19 18:16:32,-13.7,-76.2167,63.01,82,88,10.36
105,Geraldton,AU,2022-07-19 18:20:54,-28.7667,114.6,55.81,88,97,6.91
106,Farafangana,MG,2022-07-19 18:20:55,-22.8167,47.8333,69.12,72,71,11.65
107,Dalbandin,PK,2022-07-19 18:20:55,28.8947,64.4101,88.14,52,94,16.71
108,Carnarvon,AU,2022-07-19 18:20:55,-24.8667,113.6333,64.71,60,5,10.38
109,Miraflores,MX,2022-07-19 18:20:56,19.2167,-98.8083,73.02,39,26,3.4
110,Yar-Sale,RU,2022-07-19 18:18:08,66.8333,70.8333,58.3,65,77,5.61
111,Punta Arenas,CL,2022-07-19 18:17:09,-53.15,-70.9167,41.11,75,75,9.22
112,Makokou,GA,2022-07-19 18:20:56,0.5738,12.8642,72.16,87,86,2.17
113,Upata,VE,2022-07-19 18:20:56,8.0086,-62.3989,86.2,86,63,3.18
114,Rabo De Peixe,PT,2022-07-19 18:20:57,37.8,-25.5833,71.11,83,75,8.05
115,Illapel,CL,2022-07-19 18:20:57,-31.6308,-71.1653,70.95,33,0,4.34
116,Najran,SA,2022-07-19 18:20:57,17.4924,44.1277,75.85,44,100,7.85
117,Amsterdam,NL,2022-07-19 18:20:58,52.374,4.8897,96.91,29,0,8.05
118,Horasan,TR,2022-07-19 18:20:58,40.0458,42.1728,66.07,77,47,5.23
119,Ancud,CL,2022-07-19 18:20:58,-41.8697,-73.8203,53.22,94,100,31.63
120,Goderich,CA,2022-07-19 18:20:59,43.7501,-81.7165,79.12,65,5,5.75
121,Corrente,BR,2022-07-19 18:20:59,-3.7367,-43.3394,92.17,35,16,3.58
122,Hukuntsi,BW,2022-07-19 18:20:59,-24.0,21.75,60.24,37,12,6.29
123,Los Llanos De Aridane,ES,2022-07-19 18:21:00,28.6585,-17.9182,71.35,73,40,17.27
124,Beberibe,BR,2022-07-19 18:21:00,-4.1797,-38.1306,82.67,67,81,10.36
125,Narasannapeta,IN,2022-07-19 18:21:00,18.4167,84.05,82.18,85,44,5.37
126,Pendra,IN,2022-07-19 18:21:00,22.7667,81.95,72.27,95,100,5.32
127,Upington,ZA,2022-07-19 18:21:01,-28.4478,21.2561,62.98,36,0,3.44
128,Bereda,ES,2022-07-19 18:21:01,43.2686,-7.5406,71.42,69,42,7.87
129,Thinadhoo,MV,2022-07-19 18:21:01,0.5333,72.9333,80.19,75,100,6.55
130,Rocha,UY,2022-07-19 18:21:02,-34.4833,-54.3333,55.99,54,1,6.89
131,Aksarka,RU,2022-07-19 18:21:02,66.5606,67.7975,58.35,69,0,7.9
132,Berlevag,NO,2022-07-19 18:21:02,70.8578,29.0864,66.0,88,90,13.8
133,Mikhaylovka,RU,2022-07-19 18:21:03,50.06,43.2379,64.94,51,25,8.14
134,Limon,CR,2022-07-19 18:19:04,10.0,-83.0333,80.49,89,100,8.05
135,Grindavik,IS,2022-07-19 18:12:54,63.8424,-22.4338,57.67,72,0,12.66
136,Natal,BR,2022-07-19 18:19:14,-5.795,-35.2094,81.25,74,75,11.5
137,Cidreira,BR,2022-07-19 18:22:03,-30.1811,-50.2056,61.16,71,65,8.14
138,Saint-Joseph,RE,2022-07-19 18:22:03,-21.3667,55.6167,68.38,78,28,18.9
139,Meulaboh,ID,2022-07-19 18:22:04,4.1363,96.1285,76.35,85,73,3.83
140,Nouadhibou,MR,2022-07-19 18:22:04,20.931,-17.0347,71.58,83,15,19.57
141,Chapais,CA,2022-07-19 18:22:04,49.7834,-74.8492,64.18,85,100,12.08
142,Inyonga,TZ,2022-07-19 18:22:05,-6.7167,32.0667,70.56,44,89,4.63
143,Saraland,US,2022-07-19 18:22:05,30.8207,-88.0706,92.55,68,92,5.95
144,Abu Dhabi,AE,2022-07-19 18:19:19,24.4667,54.3667,98.71,67,0,6.91
145,Adrar,MR,2022-07-19 18:22:06,20.5022,-10.0711,106.84,6,2,10.85
146,Uruzgan,AF,2022-07-19 18:22:06,32.8333,66.0,88.07,21,0,4.74
147,Saint-Francois,FR,2022-07-19 18:22:06,46.4154,3.9054,96.24,24,0,9.22
148,Saint George,US,2022-07-19 18:15:04,37.1041,-113.5841,101.79,23,0,3.44
149,Gerede,TR,2022-07-19 18:22:07,40.8008,32.1969,55.56,93,96,3.89
150,Lodwar,KE,2022-07-19 18:22:07,3.1191,35.5973,84.87,38,70,5.7
151,Ponta Do Sol,PT,2022-07-19 18:16:54,32.6667,-17.1,76.71,71,0,5.82
152,Novaya Ladoga,RU,2022-07-19 18:22:08,60.1025,32.3019,61.57,70,35,5.61
153,Bilma,NE,2022-07-19 18:13:24,18.6853,12.9164,98.38,13,9,4.25
154,Monkey Bay,MW,2022-07-19 18:22:08,-14.0728,34.9201,75.34,57,79,7.7
155,Limbach-Oberfrohna,DE,2022-07-19 18:22:08,50.8667,12.75,89.47,33,40,5.1
156,Clyde River,CA,2022-07-19 18:17:51,70.4692,-68.5914,37.63,100,100,9.22
157,Hualmay,PE,2022-07-19 18:22:09,-11.0964,-77.6139,66.31,72,94,9.13
158,Lubao,PH,2022-07-19 18:22:09,14.9167,120.55,80.31,87,20,0.47
159,Ambilobe,MG,2022-07-19 18:22:10,-13.2,49.05,71.06,65,44,10.29
160,Gasa,PS,2022-07-19 18:22:10,31.5,34.4667,82.89,71,0,6.44
161,Sisimiut,GL,2022-07-19 18:22:11,66.9395,-53.6735,47.21,80,100,1.28
162,Sawai Madhopur,IN,2022-07-19 18:22:11,25.9833,76.3667,88.43,64,57,6.24
163,Lagoa,PT,2022-07-19 18:22:11,39.05,-27.9833,70.0,93,64,14.76
164,Moussoro,TD,2022-07-19 18:22:12,13.6408,16.4901,90.9,43,30,11.03
165,Kruisfontein,ZA,2022-07-19 18:16:45,-34.0033,24.7314,55.89,89,86,13.42
166,Rafaela,AR,2022-07-19 18:22:12,-31.2503,-61.4867,71.01,29,0,4.0
167,Nikki,BJ,2022-07-19 18:22:13,9.9401,3.2108,76.35,69,81,6.02
168,Brindisi,IT,2022-07-19 18:17:18,40.5833,17.6667,85.8,39,0,7.09
169,Khamamatyurt,RU,2022-07-19 18:22:14,43.6081,46.5006,82.04,50,100,5.99
170,Rio Gallegos,AR,2022-07-19 18:21:33,-51.6226,-69.2181,44.65,61,0,29.93
171,Salym,RU,2022-07-19 18:22:14,60.0625,71.4789,59.65,74,78,2.35
172,Riyadh,SA,2022-07-19 18:22:14,24.6877,46.7219,100.54,10,19,10.27
173,Kulhudhuffushi,MV,2022-07-19 18:22:15,6.6221,73.07,80.78,81,98,18.52
174,Calvia,ES,2022-07-19 18:22:15,39.5657,2.5062,90.41,61,0,4.52
175,Pio Xii,BR,2022-07-19 18:22:15,-3.8325,-45.1525,89.47,44,59,4.74
176,Kangavar,IR,2022-07-19 18:22:16,34.5043,47.9653,84.2,11,1,7.9
177,Dikson,RU,2022-07-19 18:18:02,73.5069,80.5464,45.0,82,92,14.32
178,Otavi,NA,2022-07-19 18:22:16,-19.65,17.3333,59.07,29,0,4.43
179,Aktash,RU,2022-07-19 18:22:16,50.3,87.7333,36.93,86,87,3.65
180,Rawson,AR,2022-07-19 18:16:53,-43.3002,-65.1023,59.72,26,68,28.03
181,Castro,BR,2022-07-19 18:22:17,-24.7911,-50.0119,72.01,64,13,4.61
182,Vondrozo,MG,2022-07-19 18:22:17,-22.8167,47.2833,57.2,92,56,2.66
183,Snezhnogorsk,RU,2022-07-19 18:22:18,69.1933,33.2531,62.38,71,100,12.95
184,Zatoka,UA,2022-07-19 18:23:18,46.0725,30.4654,72.23,58,9,10.71
185,Sao Paulo De Olivenca,BR,2022-07-19 18:23:18,-3.3783,-68.8725,86.77,57,81,5.44
186,Melo,UY,2022-07-19 18:23:19,-32.3667,-54.1833,56.66,72,0,9.69
187,Lipin Bor,RU,2022-07-19 18:23:19,60.2622,37.9763,62.28,64,100,13.78
188,Malartic,CA,2022-07-19 18:23:19,48.1335,-78.1328,75.31,68,49,10.42
189,Caravelas,BR,2022-07-19 18:23:20,-17.7125,-39.2481,76.93,64,17,8.37
190,Taperoa,BR,2022-07-19 18:23:20,-7.2075,-36.8267,84.85,35,9,16.02
191,Olinda,BR,2022-07-19 18:22:40,-8.0089,-34.8553,80.33,69,40,17.27
192,Nyrob,RU,2022-07-19 18:23:20,60.733,56.7202,63.9,97,100,10.25
193,Les Cayes,HT,2022-07-19 18:23:21,18.2,-73.75,86.67,63,12,11.9
194,Namibe,AO,2022-07-19 18:23:21,-15.1961,12.1522,62.33,87,43,4.36
195,Jalu,LY,2022-07-19 18:23:21,29.0331,21.5482,89.01,19,3,9.19
196,Copiapo,CL,2022-07-19 18:23:22,-27.3667,-70.3333,51.49,22,0,6.31
197,Atbasar,KZ,2022-07-19 18:23:22,51.8,68.3333,72.09,42,32,9.28
198,Luangwa,ZM,2022-07-19 18:23:22,-15.6167,30.4167,67.8,69,20,3.11
199,Saint-Pierre,RE,2022-07-19 18:23:23,-21.3393,55.4781,69.48,73,75,19.57
200,Sinnamary,GF,2022-07-19 18:23:23,5.3833,-52.95,80.01,82,82,8.88
201,Rovaniemi,FI,2022-07-19 18:23:23,66.5,25.7167,63.81,59,0,4.61
202,Ziarat,PK,2022-07-19 18:23:24,30.3823,67.7282,69.6,66,77,3.06
203,Begoro,GH,2022-07-19 18:23:24,6.3871,-0.3774,70.75,80,95,6.08
204,Katima Mulilo,NA,2022-07-19 18:23:24,-17.5,24.2667,59.81,40,4,3.49
205,Cascais,PT,2022-07-19 18:22:28,38.6979,-9.4215,77.61,59,20,18.41
206,Hambantota,LK,2022-07-19 18:16:49,6.1241,81.1185,78.37,88,100,10.74
207,Daryapur,IN,2022-07-19 18:23:25,20.9333,77.3333,73.89,92,100,12.82
208,Bulungu,CD,2022-07-19 18:23:25,-4.55,18.6,80.06,48,62,3.49
209,Sozimskiy,RU,2022-07-19 18:19:24,59.7418,52.2482,58.68,98,89,6.85
210,Lebu,CL,2022-07-19 18:16:45,-37.6167,-73.65,51.33,58,91,1.61
211,Coari,BR,2022-07-19 18:22:10,-4.085,-63.1414,86.32,60,60,1.59
212,Alappuzha,IN,2022-07-19 18:23:26,9.49,76.3264,78.01,87,76,9.84
213,Matagami,CA,2022-07-19 18:23:26,49.7502,-77.6328,66.31,63,75,12.66
214,Kamariotissa,GR,2022-07-19 18:23:26,40.4833,25.4667,77.88,56,8,25.32
215,Guiratinga,BR,2022-07-19 18:23:27,-16.3494,-53.7583,90.54,15,87,6.67
216,Dakar,SN,2022-07-19 18:18:41,14.6937,-17.4441,86.88,75,43,9.55
217,Skibbereen,IE,2022-07-19 18:23:27,51.55,-9.2667,62.11,73,96,10.47
218,Saint Anthony,US,2022-07-19 18:23:27,45.0205,-93.218,91.83,49,20,24.16
219,Vestmanna,FO,2022-07-19 18:23:28,62.1564,-7.1664,50.92,100,100,10.36
220,Luanda,AO,2022-07-19 18:16:50,-8.8368,13.2343,71.6,78,20,12.66
221,Taoudenni,ML,2022-07-19 18:23:28,22.6783,-3.9836,110.08,7,3,12.46
222,Vilhena,BR,2022-07-19 18:21:26,-12.7406,-60.1458,86.22,32,20,11.5
223,Praia Da Vitoria,PT,2022-07-19 18:23:29,38.7333,-27.0667,73.65,88,40,10.58
224,Kavaratti,IN,2022-07-19 18:23:29,10.5669,72.642,81.16,81,100,21.83
225,Zwedru,LR,2022-07-19 18:23:29,6.0667,-8.1281,77.31,73,96,3.53
226,Oudtshoorn,ZA,2022-07-19 18:23:30,-33.5907,22.2014,48.56,89,99,6.62
227,Pinega,RU,2022-07-19 18:23:30,64.7001,43.3936,61.93,92,100,4.18
228,Luderitz,NA,2022-07-19 18:14:05,-26.6481,15.1594,58.75,73,33,20.27
229,Bengkulu,ID,2022-07-19 18:23:30,-3.8004,102.2655,76.69,92,24,4.0
230,Halifax,CA,2022-07-19 18:21:53,44.6453,-63.5724,69.69,98,100,15.99
231,Dedovichi,RU,2022-07-19 18:24:31,57.5517,29.9502,59.49,96,25,5.82
232,Igarka,RU,2022-07-19 18:24:31,67.4667,86.5833,53.85,57,99,10.27
233,Matara,LK,2022-07-19 18:24:31,5.9485,80.5353,79.12,84,100,11.21
234,Chopinzinho,BR,2022-07-19 18:24:32,-25.8558,-52.5233,72.68,74,13,3.96
235,Narsaq,GL,2022-07-19 18:24:32,60.9167,-46.05,55.62,80,100,4.32
236,Cacoal,BR,2022-07-19 18:24:32,-11.4386,-61.4472,95.54,18,2,6.22
237,Toamasina,MG,2022-07-19 18:24:33,-18.1667,49.3833,68.0,88,40,6.91
238,Kalmunai,LK,2022-07-19 18:24:33,7.4167,81.8167,79.09,86,74,4.25
239,Bridgetown,BB,2022-07-19 18:22:30,13.1,-59.6167,84.92,84,40,9.22
240,Kedgwick,CA,2022-07-19 18:24:33,47.6446,-67.3434,77.94,50,98,9.31
241,Kambove,CD,2022-07-19 18:24:34,-10.8764,26.5969,62.17,52,53,1.95
242,Takoradi,GH,2022-07-19 18:24:34,4.8845,-1.7554,75.51,72,99,8.41
243,Nortelandia,BR,2022-07-19 18:24:34,-14.4547,-56.8028,95.54,15,1,5.77
244,Bara,NG,2022-07-19 18:24:35,10.3744,10.7288,78.75,72,80,5.12
245,Nioro,GM,2022-07-19 18:24:35,13.35,-15.75,87.44,57,98,5.79
246,Mudanya,TR,2022-07-19 18:24:35,40.3753,28.8822,72.46,64,2,16.58
247,Gayny,RU,2022-07-19 18:24:36,60.3071,54.3241,61.56,98,100,4.29
248,Richards Bay,ZA,2022-07-19 18:24:36,-28.783,32.0377,71.85,54,0,6.76
249,Iquique,CL,2022-07-19 18:24:36,-20.2208,-70.1431,59.04,70,98,7.02
250,Manbij,SY,2022-07-19 18:24:36,36.5281,37.9549,88.72,25,0,12.57
251,Henties Bay,NA,2022-07-19 18:22:04,-22.116,14.2845,56.82,86,1,12.46
252,Atar,MR,2022-07-19 18:24:37,20.5169,-13.0499,110.08,9,15,12.01
253,Rio Grande,BR,2022-07-19 18:24:37,-32.035,-52.0986,62.71,72,0,7.61
254,Campos Novos,BR,2022-07-19 18:24:37,-27.4017,-51.225,61.36,89,87,3.62
255,Talnakh,RU,2022-07-19 18:24:38,69.4865,88.3972,52.21,56,45,4.9
256,Korla,CN,2022-07-19 18:24:38,41.7597,86.1469,77.18,36,92,20.8
257,Quatre Cocos,MU,2022-07-19 18:18:02,-20.2078,57.7625,70.09,70,11,24.65
258,Benguela,AO,2022-07-19 18:22:57,-12.5763,13.4055,69.62,86,33,5.1
259,Marapanim,BR,2022-07-19 18:24:39,-0.7175,-47.6997,81.21,87,66,6.11
260,Bandarbeyla,SO,2022-07-19 18:24:39,9.4942,50.8122,75.51,82,86,34.07
261,Harboore,DK,2022-07-19 18:24:39,56.6175,8.1807,82.18,68,21,7.38
262,Betanzos,ES,2022-07-19 18:24:39,43.2804,-8.2147,70.72,76,75,10.36
263,Lieksa,FI,2022-07-19 18:24:40,63.3167,30.0167,60.1,75,24,12.17
264,Sao Caetano Do Sul,BR,2022-07-19 18:24:40,-23.6231,-46.5511,81.5,45,20,5.75
265,Valparaiso,CL,2022-07-19 18:22:11,-33.0393,-71.6273,68.23,52,0,6.91
266,Luena,AO,2022-07-19 18:24:40,-11.7833,19.9167,60.19,38,1,3.67
267,Curvelo,BR,2022-07-19 18:21:20,-18.7564,-44.4308,83.82,21,61,4.54
268,Grand Gaube,MU,2022-07-19 18:24:41,-20.0064,57.6608,71.38,63,3,14.0
269,Margate,GB,2022-07-19 18:18:04,51.3813,1.3862,93.11,61,18,10.6
270,Slavsk,RU,2022-07-19 18:24:41,55.0425,21.677,64.6,86,47,5.84
271,Vestmannaeyjar,IS,2022-07-19 18:24:42,63.4427,-20.2734,54.59,87,75,9.22
272,Ballitoville,ZA,2022-07-19 18:24:42,-29.539,31.2144,68.25,63,0,6.91
273,Mogadishu,SO,2022-07-19 18:24:42,2.0371,45.3438,75.65,73,71,16.75
274,Klaksvik,FO,2022-07-19 18:24:43,62.2266,-6.589,52.72,87,100,13.06
275,Timmins,CA,2022-07-19 18:24:43,48.4669,-81.3331,73.22,60,75,6.91
276,Olafsvik,IS,2022-07-19 18:22:57,64.8945,-23.7142,54.07,72,99,12.28
277,Emba,KZ,2022-07-19 18:25:43,48.8264,58.1442,85.91,35,41,17.63
278,Omsk,RU,2022-07-19 18:25:44,55.0,73.4,64.29,55,0,2.24
279,Tambura,SS,2022-07-19 18:25:44,5.6,27.4667,69.35,91,97,3.36
280,Yazman,PK,2022-07-19 18:25:44,29.1212,71.7446,97.84,48,3,9.17
281,Dondo,MZ,2022-07-19 18:25:44,-19.6094,34.7431,69.31,95,27,5.35
282,Calamar,CO,2022-07-19 18:25:45,10.2511,-74.9146,94.89,45,72,6.58
283,Sur,OM,2022-07-19 18:25:45,22.5667,59.5289,85.59,82,70,7.27
284,Prainha,BR,2022-07-19 18:25:46,-1.8,-53.48,86.65,57,60,5.99
285,Goldsboro,US,2022-07-19 18:23:40,35.3849,-77.9928,91.49,50,20,11.5
286,Kiyasovo,RU,2022-07-19 18:25:46,56.3491,53.1244,60.35,86,0,11.86
287,Le Port,RE,2022-07-19 18:25:46,-20.9373,55.2919,69.8,79,20,12.86
288,Nanortalik,GL,2022-07-19 18:16:56,60.1432,-45.2371,48.88,87,100,14.34
289,San Matias,BO,2022-07-19 18:25:47,-16.3667,-58.4,96.6,19,98,4.38
290,Sfantu Gheorghe,RO,2022-07-19 18:25:47,45.8667,25.7833,67.26,43,18,1.77
291,Podor,MR,2022-07-19 18:25:47,16.6527,-14.9587,99.84,33,10,5.03
292,Monte Alegre,BR,2022-07-19 18:24:15,-2.0078,-54.0692,86.05,59,45,3.76
293,Bardiyah,LY,2022-07-19 18:25:48,31.7561,25.0865,78.1,64,0,12.03
294,Gornyy,RU,2022-07-19 18:25:48,55.1153,83.9059,56.61,80,53,4.59
295,Honningsvag,NO,2022-07-19 18:25:48,70.9821,25.9704,53.35,87,30,14.97
296,Kigoma,TZ,2022-07-19 18:25:48,-4.8769,29.6267,75.33,57,75,5.1
297,Umm Lajj,SA,2022-07-19 18:25:49,25.0213,37.2685,89.89,50,16,9.04
298,Gumdag,TM,2022-07-19 18:23:00,39.2061,54.5906,88.0,45,0,8.43
299,Ampanihy,MG,2022-07-19 18:25:49,-24.7,44.75,69.22,50,0,12.93
300,Lafiagi,NG,2022-07-19 18:25:49,8.8667,5.4167,79.39,72,98,4.81
301,Trelew,AR,2022-07-19 18:23:53,-43.249,-65.3051,60.66,22,62,28.54
302,Chatra,IN,2022-07-19 18:25:50,24.2167,84.8667,80.44,76,97,5.01
303,Fort-Shevchenko,KZ,2022-07-19 18:25:50,44.5086,50.263,81.59,63,32,26.04
304,Toa Baja,PR,2022-07-19 18:25:51,18.4438,-66.2596,89.6,76,40,14.97
305,Puerto Maldonado,PE,2022-07-19 18:25:51,-12.6,-69.1833,86.4,58,75,5.75
306,Santa Maria,BR,2022-07-19 18:22:07,-29.6842,-53.8069,60.84,70,40,8.59
307,Beirut,LB,2022-07-19 18:21:48,33.8889,35.4944,85.37,79,20,3.44
308,Brae,GB,2022-07-19 18:25:51,60.3964,-1.353,59.25,90,98,9.75
309,Sao Joao Da Barra,BR,2022-07-19 18:25:52,-21.6403,-41.0511,80.69,71,15,12.66
310,Coquimbo,CL,2022-07-19 18:25:52,-29.9533,-71.3436,56.93,82,40,6.91
311,Lagos,NG,2022-07-19 18:21:23,6.5833,3.75,75.61,75,94,6.17
312,Baracoa,CU,2022-07-19 18:25:53,20.3467,-74.4958,87.17,64,30,12.19
313,Liverpool,GB,2022-07-19 18:25:53,53.4106,-2.9779,90.37,45,0,10.36
314,Kovernino,RU,2022-07-19 18:25:53,57.1253,43.8142,55.31,91,15,8.57
315,Bethanien,NA,2022-07-19 18:25:54,-26.502,17.1583,58.14,40,0,8.9
316,Ondjiva,AO,2022-07-19 18:25:54,-17.0667,15.7333,62.78,29,0,5.79
317,Nohar,IN,2022-07-19 18:25:54,29.1833,74.7667,98.31,44,77,9.93
318,Ouadda,CF,2022-07-19 18:25:55,8.0777,22.4007,68.72,98,96,3.85
319,Cabedelo,BR,2022-07-19 18:25:55,-6.9811,-34.8339,81.27,74,21,17.29
320,Tallahassee,US,2022-07-19 18:22:35,30.4383,-84.2807,88.0,71,75,11.5
321,Umm Bab,QA,2022-07-19 18:26:55,25.2142,50.8072,93.92,55,5,6.64
322,Ust-Koksa,RU,2022-07-19 18:26:56,50.2696,85.6108,50.0,92,81,2.1
323,Lagunillas,VE,2022-07-19 18:26:56,10.1301,-71.2595,87.84,63,37,10.0
324,Keti Bandar,PK,2022-07-19 18:26:56,24.1447,67.4497,83.23,88,71,17.43
325,Iqaluit,CA,2022-07-19 18:24:34,63.7506,-68.5145,38.93,100,100,9.22
326,Faya,SA,2022-07-19 18:26:57,18.3851,42.4509,64.92,54,100,6.69
327,Santa Isabel,BR,2022-07-19 18:26:57,-23.3156,-46.2214,79.9,45,12,2.66
328,Salinopolis,BR,2022-07-19 18:26:57,-0.6136,-47.3561,81.45,80,33,11.56
329,Urumqi,CN,2022-07-19 18:26:02,43.801,87.6005,67.15,56,0,6.71
330,Souillac,MU,2022-07-19 18:26:58,-20.5167,57.5167,70.18,73,75,21.85
331,Machico,PT,2022-07-19 18:26:58,32.7,-16.7667,75.83,68,20,24.16
332,Nagar Karnul,IN,2022-07-19 18:26:58,16.4821,78.3247,79.48,74,76,6.89
333,Sabla,NG,2022-07-19 18:26:59,12.7525,4.7077,82.04,65,86,9.86
334,Dingle,PH,2022-07-19 18:26:59,10.9995,122.6711,76.93,90,99,3.33
335,Glens Falls,US,2022-07-19 18:24:57,43.3095,-73.644,90.16,55,75,9.22
336,Husavik,IS,2022-07-19 18:26:59,66.0449,-17.3389,50.9,86,100,6.93
337,Maarianhamina,AX,2022-07-19 18:27:00,60.0973,19.9348,62.46,59,0,4.61
338,Vawkavysk,BY,2022-07-19 18:27:00,53.1561,24.4513,66.24,80,31,5.66
339,Tripoli,LY,2022-07-19 18:25:07,32.8752,13.1875,82.24,64,0,14.47
340,Delijan,IR,2022-07-19 18:27:01,33.9905,50.6838,87.76,9,0,15.08
341,Baghdad,IQ,2022-07-19 18:27:01,33.3406,44.4009,102.11,14,0,9.22
342,Corovode,AL,2022-07-19 18:27:01,40.5042,20.2272,75.63,44,40,5.99
343,Lipany,SK,2022-07-19 18:27:02,49.1538,20.9638,75.74,61,61,3.15
344,Save,BJ,2022-07-19 18:27:02,8.0425,2.486,76.68,75,85,5.06
345,Channel-Port Aux Basques,CA,2022-07-19 18:27:02,47.5702,-59.1367,61.32,99,100,21.3
346,Marzuq,YE,2022-07-19 18:27:03,14.4,46.4667,83.77,41,100,11.3
347,Pasni,PK,2022-07-19 18:27:03,25.2631,63.471,83.88,90,49,8.81
348,Maxixe,MZ,2022-07-19 18:27:03,-23.8597,35.3472,68.36,91,0,7.18
349,Port Hawkesbury,CA,2022-07-19 18:27:04,45.6169,-61.3485,71.82,99,100,13.0
350,Bonavista,CA,2022-07-19 18:27:04,48.6499,-53.1147,64.49,85,100,10.04
351,Boma,GH,2022-07-19 18:27:04,7.0805,-2.1697,74.86,78,79,4.56
352,Milos,GR,2022-07-19 18:27:05,36.75,24.4333,74.5,63,0,24.27
353,Utete,TZ,2022-07-19 18:27:06,-7.986,38.758,71.42,82,84,6.85
354,Nador,MA,2022-07-19 18:27:07,35.174,-2.9287,84.27,74,0,5.75
355,Pedasi,PA,2022-07-19 18:27:07,7.5333,-80.0333,83.68,75,87,8.01
356,Dagana,MR,2022-07-19 18:27:07,16.5165,-15.5068,98.02,37,11,11.52
357,Dehloran,IR,2022-07-19 18:27:08,32.6941,47.2679,106.57,8,0,8.63
358,Maniitsoq,GL,2022-07-19 18:27:08,65.4167,-52.9,46.74,86,99,9.33
359,Port-Cartier,CA,2022-07-19 18:27:08,50.0334,-66.8654,66.42,95,99,3.13
360,Srikakulam,IN,2022-07-19 18:27:06,18.3,83.9,82.53,82,43,6.76
361,Santo Antonio Do Taua,BR,2022-07-19 18:27:09,-1.1519,-48.1294,85.95,63,62,4.41
362,Lamu,KE,2022-07-19 18:27:09,-2.2717,40.902,73.62,76,91,16.49
363,Nizwa,OM,2022-07-19 18:27:09,22.9333,57.5333,87.17,62,81,2.37
364,Kananga,CD,2022-07-19 18:27:10,-5.8958,22.4178,80.08,35,62,2.19
365,Filadelfia,US,2022-07-19 18:25:07,39.9523,-75.1638,93.61,48,40,13.8
366,Westport,US,2022-07-19 18:24:00,41.1415,-73.3579,91.44,57,0,12.66
367,Inta,RU,2022-07-19 18:28:10,66.0317,60.1659,67.08,58,1,19.15
368,Nunoa,PE,2022-07-19 18:28:10,-14.48,-70.6411,58.01,15,66,14.85
369,Syracuse,IT,2022-07-19 18:28:06,37.0881,15.2792,82.31,68,13,7.36
370,Waddan,LY,2022-07-19 18:28:11,29.1614,16.139,89.82,24,0,14.16
371,Napoleon,US,2022-07-19 18:28:11,41.3923,-84.1252,90.37,57,0,7.94
372,Pocone,BR,2022-07-19 18:28:12,-16.2567,-56.6228,96.08,14,60,5.41
373,Jacareacanga,BR,2022-07-19 18:28:12,-6.2222,-57.7528,98.19,25,25,3.94
374,Leogane,HT,2022-07-19 18:28:12,18.5108,-72.6339,97.0,59,28,6.71
375,Pipirig,RO,2022-07-19 18:28:13,47.25,26.0667,66.43,58,100,3.27
376,Teeli,RU,2022-07-19 18:28:13,51.0333,90.2333,48.87,76,20,2.26
377,Cugnaux,FR,2022-07-19 18:28:13,43.5333,1.3667,87.75,45,0,9.22
378,Ibra,OM,2022-07-19 18:28:14,22.6906,58.5334,84.09,68,73,3.98
379,Henderson,US,2022-07-19 18:26:32,36.0397,-114.9819,102.65,25,0,3.44
380,Changji,CN,2022-07-19 18:28:14,44.0167,87.3167,70.59,56,0,6.71
381,Itupeva,BR,2022-07-19 18:27:10,-23.1531,-47.0578,83.93,34,20,4.61
382,Soyo,AO,2022-07-19 18:28:14,-6.1349,12.3689,71.35,86,19,7.67
383,Kolokani,ML,2022-07-19 18:28:15,13.5728,-8.0339,89.22,49,95,4.54
384,Naraina,IN,2022-07-19 18:28:15,26.7833,75.2,90.34,61,66,2.35
385,Yarmouth,US,2022-07-19 18:27:28,41.7057,-70.2286,91.87,64,0,18.41
386,Qandala,SO,2022-07-19 18:28:16,11.472,49.8728,91.11,49,89,7.52
387,Wick,GB,2022-07-19 18:28:16,58.4333,-3.0833,60.85,88,100,16.11
388,Eresos,GR,2022-07-19 18:28:16,39.1667,25.9333,72.9,59,0,25.81
389,Cabo Rojo,PR,2022-07-19 18:28:17,18.0866,-67.1457,88.9,73,20,7.0
390,Nuuk,GL,2022-07-19 18:28:17,64.1835,-51.7216,61.41,55,20,8.05
391,Nuristan,AF,2022-07-19 18:28:17,35.3,70.8333,53.6,76,31,2.55
392,Mayumba,GA,2022-07-19 18:28:18,-3.432,10.6554,71.38,88,93,4.99
393,Cotonou,BJ,2022-07-19 18:28:18,6.3654,2.4183,76.8,74,87,13.76
394,Necochea,AR,2022-07-19 18:28:18,-38.5473,-58.7368,56.89,34,0,17.2
395,Methoni,GR,2022-07-19 18:28:19,36.8197,21.7049,81.21,63,1,10.36
396,Nahariyya,IL,2022-07-19 18:28:19,33.0059,35.0941,81.95,86,0,7.61
397,Comodoro Rivadavia,AR,2022-07-19 18:24:02,-45.8667,-67.5,57.06,44,0,32.21
398,Mabaruma,GY,2022-07-19 18:28:20,8.2,-59.7833,83.08,85,55,3.62
399,Kattivakkam,IN,2022-07-19 18:28:20,13.2167,80.3167,86.09,85,52,11.32
400,Rosario,AR,2022-07-19 18:23:45,-32.9468,-60.6393,68.95,41,0,6.91
401,Kathmandu,NP,2022-07-19 18:28:20,27.7167,85.3167,73.62,88,75,2.3
402,Tornio,FI,2022-07-19 18:28:21,65.8481,24.1466,62.62,84,56,6.15
403,Awjilah,LY,2022-07-19 18:28:21,29.1081,21.2869,88.74,19,1,11.16
404,North Myrtle Beach,US,2022-07-19 18:27:34,33.816,-78.68,92.28,80,40,16.11
405,Nkhotakota,MW,2022-07-19 18:28:21,-12.9274,34.2961,70.02,64,32,2.64
406,Aswan,EG,2022-07-19 18:28:22,24.0934,32.907,101.5,10,0,9.22
407,Nchelenge,ZM,2022-07-19 18:28:22,-9.3451,28.734,70.14,60,14,2.28
408,Rognan,NO,2022-07-19 18:28:22,67.0953,15.3878,58.05,69,66,5.66
409,Arlit,NE,2022-07-19 18:28:23,18.7369,7.3853,84.56,48,89,24.2
410,Maragogi,BR,2022-07-19 18:29:23,-9.0122,-35.2225,78.49,70,0,11.43
411,Yarensk,RU,2022-07-19 18:29:23,62.1675,49.0916,62.31,98,100,8.25
412,Chambas,CU,2022-07-19 18:29:24,22.1928,-78.9136,87.93,61,46,13.87
413,Kifri,IQ,2022-07-19 18:29:24,34.6959,44.9661,103.26,9,2,15.23
414,Brigantine,US,2022-07-19 18:29:24,39.4101,-74.3646,95.04,43,0,11.5
415,Kudahuvadhoo,MV,2022-07-19 18:29:25,2.6708,72.8944,81.27,80,100,14.67
416,Sol-Iletsk,RU,2022-07-19 18:29:25,51.1631,54.9918,69.15,51,86,7.31
417,Semirom,IR,2022-07-19 18:29:25,31.4167,51.5667,71.78,15,0,10.27
418,Lasa,IT,2022-07-19 18:29:26,46.6166,10.7002,83.28,78,48,4.25
419,Betare Oya,CM,2022-07-19 18:29:26,5.6,14.0833,67.48,97,98,3.53
420,Nizhniy Baskunchak,RU,2022-07-19 18:29:27,48.2198,46.8311,70.18,50,95,11.48
421,Veraval,IN,2022-07-19 18:29:27,20.9,70.3667,80.8,86,94,15.86
422,Ila,NO,2022-07-19 18:29:27,63.4305,10.3705,60.8,82,86,1.99
423,Boa Vista,BR,2022-07-19 18:27:07,2.8197,-60.6733,87.78,55,20,4.61
424,Shambu,ET,2022-07-19 18:29:28,9.5667,37.1,50.99,94,76,0.47
425,Thatcham,GB,2022-07-19 18:29:28,51.4037,-1.2605,92.86,54,34,14.45
426,Mehamn,NO,2022-07-19 18:29:28,71.0357,27.8492,55.35,88,55,6.91
427,Aripuana,BR,2022-07-19 18:29:29,-9.1667,-60.6333,95.77,21,0,3.62
428,Muromtsevo,RU,2022-07-19 18:29:29,56.3724,75.2418,60.69,81,44,5.14
429,Temir,KZ,2022-07-19 18:29:29,49.1414,57.13,80.64,30,8,14.65
430,Havelock,US,2022-07-19 18:29:30,34.8791,-76.9013,93.15,81,13,5.01
431,Santa Lucia,ES,2022-07-19 18:27:05,27.9117,-15.5407,69.76,65,20,34.52
432,Bantry,IE,2022-07-19 18:29:30,51.6833,-9.45,61.79,74,91,10.51
433,Bida,NG,2022-07-19 18:29:30,9.0833,6.0167,78.04,76,31,5.75
434,Kutum,SD,2022-07-19 18:29:31,14.2,24.6667,83.97,38,14,10.83
435,Szydlowiec,PL,2022-07-19 18:29:31,51.2282,20.8611,77.29,54,39,2.95
436,Muisne,EC,2022-07-19 18:29:31,0.6,-80.0333,76.14,82,100,12.37
437,Piravam,IN,2022-07-19 18:29:32,9.8667,76.5,78.78,96,79,2.55
438,Shuyskoye,RU,2022-07-19 18:29:32,59.3736,41.0305,56.12,90,100,10.36
439,Vizinga,RU,2022-07-19 18:29:32,61.0749,50.1031,58.06,97,100,4.52
440,Izhma,RU,2022-07-19 18:29:33,65.0083,53.9113,70.95,56,66,9.98
441,Oranjestad,AW,2022-07-19 18:24:47,12.524,-70.027,87.75,62,20,20.71
442,Morondava,MG,2022-07-19 18:29:33,-20.2833,44.2833,75.07,52,24,11.61
443,Viransehir,TR,2022-07-19 18:29:33,37.2353,39.7631,95.29,15,0,6.51
444,Shache,CN,2022-07-19 18:29:34,38.4167,77.2406,81.72,16,3,10.02
445,Jaisalmer,IN,2022-07-19 18:29:34,26.9147,70.9181,89.82,60,53,19.46
446,Kitui,KE,2022-07-19 18:29:34,-1.367,38.0106,66.54,58,89,5.03
447,Sergeyevka,KZ,2022-07-19 18:29:35,53.88,67.4158,69.49,62,77,9.48
448,Raudeberg,NO,2022-07-19 18:29:35,61.9875,5.1352,67.96,79,99,6.58
449,Tutoia,BR,2022-07-19 18:29:35,-2.7619,-42.2744,82.69,63,18,8.32
450,Ayorou,NE,2022-07-19 18:29:35,14.7308,0.9174,91.99,43,98,9.08
451,Kashi,CN,2022-07-19 18:29:36,39.4547,75.9797,85.21,7,0,2.24
452,Forestville,US,2022-07-19 18:28:12,38.8451,-76.875,91.85,57,20,5.75
453,Fatehabad,IN,2022-07-19 18:29:36,29.5167,75.45,95.63,47,59,4.97
454,Vlore,AL,2022-07-19 18:29:37,40.4667,19.4897,78.26,55,0,5.53
455,Sept-Iles,CA,2022-07-19 18:30:13,50.2001,-66.3821,66.72,88,75,11.5
456,La Asuncion,VE,2022-07-19 18:30:37,11.0333,-63.8628,94.73,52,3,14.97
457,Havelian,PK,2022-07-19 18:30:37,34.0536,73.1657,85.82,56,32,3.36
458,Lakhdenpokhya,RU,2022-07-19 18:30:38,61.5198,30.1992,55.69,90,10,8.25
459,Kushmurun,KZ,2022-07-19 18:30:38,52.4503,64.6311,73.47,60,99,11.25
460,Ukhta,RU,2022-07-19 18:30:38,63.5671,53.6835,69.75,62,100,11.23
461,Saint-Imier,CH,2022-07-19 18:30:39,47.1528,6.9969,84.7,46,0,1.14
462,San,ML,2022-07-19 18:28:40,13.3034,-4.8956,89.67,47,84,3.83
463,Kuytun,RU,2022-07-19 18:30:39,54.3419,101.5036,47.82,94,36,2.89
464,Drezdenko,PL,2022-07-19 18:30:39,52.8383,15.8308,74.89,51,8,5.93
465,Krasnooktyabrskiy,RU,2022-07-19 18:30:40,44.9328,38.3712,72.09,61,0,4.12
466,Calama,CL,2022-07-19 18:30:27,-22.4667,-68.9333,79.29,10,0,9.22
467,Kargasok,RU,2022-07-19 18:30:40,59.0556,80.8572,56.03,97,100,4.18
468,Jabinyanah,TN,2022-07-19 18:30:40,35.035,10.9081,85.8,63,0,13.13
469,Springbok,ZA,2022-07-19 18:30:41,-29.6643,17.8865,45.57,73,0,5.28
470,Porto Empedocle,IT,2022-07-19 18:30:41,37.2934,13.5264,86.31,65,8,3.38
471,Polunochnoye,RU,2022-07-19 18:30:41,60.8697,60.4153,62.06,91,100,5.59
472,Silopi,TR,2022-07-19 18:30:42,37.2497,42.4694,93.07,17,0,2.75
473,Lebork,PL,2022-07-19 18:30:42,54.5392,17.7501,74.75,63,11,3.15
474,Shimoni,KE,2022-07-19 18:30:42,-4.6476,39.3817,73.83,83,86,13.56
475,Georgiyevka,KZ,2022-07-19 18:30:43,43.0369,74.7114,75.24,31,0,8.95
476,Abha,SA,2022-07-19 18:26:42,18.2164,42.5053,64.65,63,40,4.61
477,Krasnoselkup,RU,2022-07-19 18:30:43,65.7,82.4667,58.71,60,100,8.37
478,Seydi,TM,2022-07-19 18:30:43,39.4816,62.9137,91.63,17,0,14.41
479,Darnah,LY,2022-07-19 18:30:44,32.767,22.6367,76.42,64,0,17.2
480,Tubuala,PA,2022-07-19 18:30:44,9.5167,-79.0333,82.72,83,100,7.94
481,Quibdo,CO,2022-07-19 18:30:45,5.6947,-76.6611,88.14,66,40,3.44
482,Mizdah,LY,2022-07-19 18:30:45,31.4451,12.9801,82.67,30,0,17.9
483,Yalvac,TR,2022-07-19 18:30:45,38.2956,31.1778,64.62,57,0,3.94
484,Praia,CV,2022-07-19 18:30:45,14.9215,-23.5087,79.34,83,20,9.22
485,Norrkoping,SE,2022-07-19 18:30:46,58.5942,16.1826,76.57,41,28,8.05
486,Aksehir,TR,2022-07-19 18:30:46,38.3575,31.4164,67.1,54,32,5.12
487,Charagua,BO,2022-07-19 18:30:46,-19.8,-63.2167,72.97,44,89,7.61
488,Paragominas,BR,2022-07-19 18:30:47,-2.9667,-47.4833,86.81,56,100,3.65
489,Delta Del Tigre,UY,2022-07-19 18:30:47,-34.7633,-56.3853,59.41,44,0,9.22
490,Great Yarmouth,GB,2022-07-19 18:30:47,52.6083,1.7305,92.41,52,11,15.99
491,Harnosand,SE,2022-07-19 18:30:48,62.6323,17.9379,64.4,64,71,3.87
492,Pavlodar,KZ,2022-07-19 18:30:48,52.3,76.95,62.4,72,0,2.24
493,Pilibanga,IN,2022-07-19 18:30:48,29.4916,74.079,96.39,47,71,2.35
494,Bobcaygeon,CA,2022-07-19 18:30:49,44.5462,-78.542,86.14,47,92,12.8
495,Stanger,ZA,2022-07-19 18:30:49,-29.3282,31.2895,60.69,45,0,6.44
496,Rio Amarillo,HN,2022-07-19 18:30:49,14.9757,-89.1296,82.49,89,74,4.5
497,Sao Gabriel Da Cachoeira,BR,2022-07-19 18:30:49,-0.1303,-67.0892,82.2,78,75,5.75
498,Porto Santo,PT,2022-07-19 18:30:50,33.072,-16.3415,73.78,68,40,12.66
499,Vila Franca Do Campo,PT,2022-07-19 18:30:50,37.7167,-25.4333,72.01,81,76,5.1
500,Maine-Soroa,NE,2022-07-19 18:31:50,13.2114,12.0241,90.36,41,3,9.55
501,Quelimane,MZ,2022-07-19 18:31:51,-17.8786,36.8883,71.55,88,20,4.61
502,Kahta,TR,2022-07-19 18:31:51,37.7855,38.6237,88.97,17,0,5.26
503,Iskateley,RU,2022-07-19 18:31:51,67.6803,53.1512,65.88,68,37,12.84
504,Ponta Delgada,PT,2022-07-19 18:31:52,37.7333,-25.6667,72.32,83,75,8.05
505,Boden,SE,2022-07-19 18:31:52,65.8252,21.6886,60.8,82,4,5.23
506,Locri,IT,2022-07-19 18:31:52,38.2414,16.2623,76.55,62,0,5.75
507,Horki,BY,2022-07-19 18:31:53,54.2861,30.9842,57.18,88,57,7.2
508,Albany,US,2022-07-19 18:28:00,42.6001,-73.9662,90.03,47,9,1.99
509,Rorvik,NO,2022-07-19 18:31:53,64.8621,11.2373,58.98,82,0,4.61
510,Kuusamo,FI,2022-07-19 18:31:53,65.9667,29.1833,60.84,72,0,5.75
511,Am Timan,TD,2022-07-19 18:31:54,11.0297,20.2827,77.61,80,100,2.68
512,Holeby,DK,2022-07-19 18:31:54,54.7115,11.4642,77.09,65,0,7.34
513,Golyshmanovo,RU,2022-07-19 18:31:54,56.3979,68.3728,63.61,70,99,7.76
514,Barsovo,RU,2022-07-19 18:31:55,61.1667,73.1667,62.73,65,100,3.22
515,Camacari,BR,2022-07-19 18:30:27,-12.6975,-38.3242,82.17,64,1,7.83
516,Fort Beaufort,ZA,2022-07-19 18:31:55,-32.7748,26.6338,56.14,94,66,5.3
517,Taltal,CL,2022-07-19 18:31:55,-25.4,-70.4833,65.46,58,24,5.61
518,Baixo Guandu,BR,2022-07-19 18:31:56,-19.5189,-41.0158,83.16,42,36,9.91
519,Grand-Santi,GF,2022-07-19 18:31:56,4.25,-54.3833,86.65,59,98,3.4
520,Marigot,MF,2022-07-19 18:31:56,18.0667,-63.0833,87.58,65,75,17.27
521,Cockburn Town,TC,2022-07-19 18:31:57,21.4612,-71.1419,85.96,66,40,13.8
522,Luau,AO,2022-07-19 18:31:57,-10.7073,22.2247,70.93,31,62,4.99
523,Sendriceni,RO,2022-07-19 18:31:57,47.95,26.3,74.84,52,86,0.98
524,Puerto Baquerizo Moreno,EC,2022-07-19 18:31:58,-0.9,-89.6,74.39,78,75,3.44
525,Nyzy,UA,2022-07-19 18:31:58,50.7828,34.7844,56.88,93,17,5.55
526,Kajaani,FI,2022-07-19 18:31:58,64.2273,27.7285,59.05,67,0,10.36
527,Krasnovishersk,RU,2022-07-19 18:31:58,60.4078,57.082,64.69,97,100,7.27
528,Walvis Bay,NA,2022-07-19 18:31:59,-22.9575,14.5053,56.35,88,0,10.36
529,Hammerfest,NO,2022-07-19 18:31:59,70.6634,23.6821,52.25,100,75,3.44
530,Debre Tabor,ET,2022-07-19 18:31:59,11.85,38.0167,54.99,85,100,1.92
531,Lentekhi,GE,2022-07-19 18:32:00,42.7856,42.7261,67.68,97,97,0.87
532,Lake Ridge,US,2022-07-19 18:32:00,38.6879,-77.2978,91.31,61,0,9.22
533,Puerto Carreno,CO,2022-07-19 18:32:00,6.189,-67.4859,78.78,83,40,6.91
534,Cadillac,US,2022-07-19 18:28:32,44.2519,-85.4012,87.71,51,40,10.36
535,Piacabucu,BR,2022-07-19 18:32:01,-10.4056,-36.4344,76.35,77,9,11.48
536,Almeirim,BR,2022-07-19 18:32:01,-1.5233,-52.5817,84.31,72,100,1.97
537,Dusetos,LT,2022-07-19 18:32:01,55.75,25.85,59.79,94,41,4.45
538,Camacupa,AO,2022-07-19 18:32:02,-12.0167,17.4833,63.14,34,0,1.74
539,Edd,ER,2022-07-19 18:32:02,13.9297,41.6925,91.53,52,100,1.92
540,Tiznit,MA,2022-07-19 18:32:02,29.5833,-9.5,95.79,21,100,10.42
541,Qasigiannguit,GL,2022-07-19 18:32:03,68.8193,-51.1922,55.65,84,100,4.29
542,Sicuani,PE,2022-07-19 18:32:03,-14.2694,-71.2261,62.13,16,96,8.59
543,Asmar,AF,2022-07-19 18:32:04,35.0333,71.3581,85.53,67,81,1.25
544,Fernandina Beach,US,2022-07-19 18:28:11,30.6697,-81.4626,89.1,72,0,12.66
545,Harper,LR,2022-07-19 18:32:04,4.375,-7.7169,74.44,73,91,8.01
546,Irondequoit,US,2022-07-19 18:31:21,43.2134,-77.5797,91.26,60,20,20.71
547,Carutapera,BR,2022-07-19 18:32:05,-1.195,-46.02,81.9,76,74,7.43
548,Szarvas,HU,2022-07-19 18:33:05,46.8667,20.55,82.44,26,2,3.38
549,Paveh,IR,2022-07-19 18:33:07,35.0434,46.3565,78.21,21,0,3.42
550,Ust-Ishim,RU,2022-07-19 18:33:07,57.6935,71.1665,64.74,66,89,2.66
551,Imbituba,BR,2022-07-19 18:33:08,-28.24,-48.6703,68.86,88,13,7.0
552,Uribia,CO,2022-07-19 18:33:08,11.7139,-72.266,93.25,43,10,19.93
553,Saurimo,AO,2022-07-19 18:33:08,-9.6608,20.3916,68.02,31,3,4.43
554,Accrington,GB,2022-07-19 18:33:08,53.7538,-2.3586,87.76,63,97,2.26
555,Do Gonbadan,IR,2022-07-19 18:33:09,30.3586,50.7981,95.09,29,0,0.0
556,Gat,IL,2022-07-19 18:33:09,31.61,34.7642,84.4,100,0,6.22
557,Bayan,CN,2022-07-19 18:33:10,46.0833,127.4,64.26,93,0,2.57
558,Progreso,MX,2022-07-19 18:33:10,21.2833,-89.6667,95.11,57,34,16.6
559,Corsico,IT,2022-07-19 18:33:10,45.4305,9.1154,93.85,36,0,8.05
560,Amol,IR,2022-07-19 18:33:11,36.4696,52.3507,79.41,62,3,2.15
561,Anloga,GH,2022-07-19 18:33:11,5.7947,0.8973,75.72,74,88,13.29
562,Puerto Del Rosario,ES,2022-07-19 18:33:11,28.5004,-13.8627,76.75,78,20,11.5
563,Ostrovnoy,RU,2022-07-19 18:33:12,68.0531,39.5131,51.06,89,100,11.9
564,Bubaque,GW,2022-07-19 18:33:12,11.2833,-15.8333,78.19,86,100,15.39
565,Kribi,CM,2022-07-19 18:33:12,2.95,9.9167,75.49,84,27,8.97
566,Ust-Tsilma,RU,2022-07-19 18:33:13,65.441,52.1498,73.78,48,100,11.7
567,Pangoa,PE,2022-07-19 18:33:13,-12.1167,-73.0,85.55,48,13,4.41
568,Dzilam Gonzalez,MX,2022-07-19 18:33:13,21.2833,-88.9333,96.62,39,46,7.78
569,Antalaha,MG,2022-07-19 18:33:14,-14.9003,50.2788,67.84,85,9,12.17
570,Tessalit,ML,2022-07-19 18:33:14,20.1986,1.0114,92.14,31,81,10.92
571,Mineiros,BR,2022-07-19 18:33:14,-17.5694,-52.5511,86.14,17,79,4.99
572,Khorixas,NA,2022-07-19 18:33:15,-20.3667,14.9667,61.18,39,0,3.98
573,Beyneu,KZ,2022-07-19 18:33:15,45.3167,55.2,99.75,18,72,7.45
574,Bahadurgarh,IN,2022-07-19 18:33:15,28.6833,76.9167,91.35,50,32,1.3
575,Vallenar,CL,2022-07-19 18:32:14,-28.5708,-70.7581,75.36,20,0,2.33
576,Balkanabat,TM,2022-07-19 18:33:16,39.5108,54.3671,93.43,27,0,2.98
577,Kharitonovo,RU,2022-07-19 18:33:16,61.4009,47.4978,59.02,98,100,7.31
